{
  "project_info": {
    "project_number": "299688625167",
    "project_id": "indriveclone-e7372",
    "storage_bucket": "indriveclone-e7372.appspot.com"
  },
  "client": [
    {
      "client_info": {
        "mobilesdk_app_id": "1:299688625167:android:e8d8ea290e13e820320f7a",
        "android_client_info": {
          "package_name": "com.example.indriveclone"
        }
      },
      "oauth_client": [],
      "api_key": [
        {
          "current_key": "AIzaSyDE74gfaCXvhQHxtupl8tyR4uHeC6La0i4"
        }
      ],
      "services": {
        "appinvite_service": {
          "other_platform_oauth_client": []
        }
      }
    }
  ],
  "configuration_version": "1"
}